pose,Angulo,Desviacion_estandar,Parte
1,168.8623333313553,3.811827707217126,right_elbow_angles
1,178.15164726736364,0.7784105541065087,right_hit_angles
1,177.44710185282858,2.454373941199274,right_knee_angles
2,69.48143288456208,6.707256951979731,right_elbow_angles
2,178.2017246439396,1.653115551545448,right_hit_angles
2,177.15194942914766,0.9969018727409625,right_knee_angles
3,164.24548987278666,2.251942447811235,right_elbow_angles
3,174.4165486565152,2.775865488937762,right_hit_angles
3,176.66637295120393,2.0685179991887703,right_knee_angles
