Pose,Costo_alineamiento,Desviacion_estandar
1,5.900369332171977,1.2604103171979866
2,15.480635615997016,1.7687571951713974
3,6.237253382103519,1.0694964787084271
