Pose,Costo_alineamiento,Desviacion_estandar
1,4.43285181945248,0.31170388470623844
2,8.298183049075305,0.9821033598669929
3,4.43285181945248,0.31170388470623844
