Pose,Costo_alineamiento,Desviacion_estandar
1,9.135469780652784,0.7790994097286172
2,11.884399425471202,1.9822146442477808
3,9.135469780652784,0.7790994097286172
